Campaign,Ad Group,Keyword,Criterion Type,Status
Kineo - Search - Motores - Teste 0710,G1 - Seedance 2.5,seedance 2.5 app,Exact,Enabled
Kineo - Search - Motores - Teste 0710,G1 - Seedance 2.5,seedance 2.5 online,Exact,Enabled
Kineo - Search - Motores - Teste 0710,G1 - Seedance 2.5,use seedance 2.5,Exact,Enabled
Kineo - Search - Motores - Teste 0710,G1 - Seedance 2.5,seedance 2.5 video generator,Exact,Enabled
Kineo - Search - Motores - Teste 0710,G1 - Seedance 2.5,seedance 2.5 ai video generator,Exact,Enabled
Kineo - Search - Motores - Teste 0710,G1 - Seedance 2.5,seedance 2.5 price,Exact,Enabled
Kineo - Search - Motores - Teste 0710,G1 - Seedance 2.5,seedance 2.5 pricing,Exact,Enabled
Kineo - Search - Motores - Teste 0710,G1 - Seedance 2.5,seedance 2.5 access,Exact,Enabled
Kineo - Search - Motores - Teste 0710,G1 - Seedance 2.5,try seedance 2.5,Exact,Enabled
Kineo - Search - Motores - Teste 0710,G1 - Seedance 2.5,seedance 2.5 text to video,Exact,Enabled
Kineo - Search - Motores - Teste 0710,G1 - Seedance 2.5,seedance 2.5 app,Phrase,Enabled
Kineo - Search - Motores - Teste 0710,G1 - Seedance 2.5,seedance 2.5 online,Phrase,Enabled
Kineo - Search - Motores - Teste 0710,G1 - Seedance 2.5,use seedance 2.5,Phrase,Enabled
Kineo - Search - Motores - Teste 0710,G1 - Seedance 2.5,seedance 2.5 video generator,Phrase,Enabled
Kineo - Search - Motores - Teste 0710,G1 - Seedance 2.5,seedance 2.5 price,Phrase,Enabled
Kineo - Search - Motores - Teste 0710,G1 - Seedance 2.5,seedance 2.5 subscription,Phrase,Enabled
Kineo - Search - Motores - Teste 0710,G1 - Seedance 2.5,where to use seedance 2.5,Phrase,Enabled
Kineo - Search - Motores - Teste 0710,G1 - Seedance 2.5,seedance 2.5 image to video,Phrase,Enabled
Kineo - Search - Motores - Teste 0710,G2 - Kling 3,kling 3 app,Exact,Enabled
Kineo - Search - Motores - Teste 0710,G2 - Kling 3,kling 3.0 app,Exact,Enabled
Kineo - Search - Motores - Teste 0710,G2 - Kling 3,use kling 3,Exact,Enabled
Kineo - Search - Motores - Teste 0710,G2 - Kling 3,kling 3 video generator,Exact,Enabled
Kineo - Search - Motores - Teste 0710,G2 - Kling 3,kling 3.0 video generator,Exact,Enabled
Kineo - Search - Motores - Teste 0710,G2 - Kling 3,kling 3 online,Exact,Enabled
Kineo - Search - Motores - Teste 0710,G2 - Kling 3,kling 3 price,Exact,Enabled
Kineo - Search - Motores - Teste 0710,G2 - Kling 3,kling 3 pricing,Exact,Enabled
Kineo - Search - Motores - Teste 0710,G2 - Kling 3,kling 3 lip sync,Exact,Enabled
Kineo - Search - Motores - Teste 0710,G2 - Kling 3,try kling 3,Exact,Enabled
Kineo - Search - Motores - Teste 0710,G2 - Kling 3,kling 3 app,Phrase,Enabled
Kineo - Search - Motores - Teste 0710,G2 - Kling 3,kling 3.0 online,Phrase,Enabled
Kineo - Search - Motores - Teste 0710,G2 - Kling 3,use kling 3,Phrase,Enabled
Kineo - Search - Motores - Teste 0710,G2 - Kling 3,kling 3 video generator,Phrase,Enabled
Kineo - Search - Motores - Teste 0710,G2 - Kling 3,kling 3 price,Phrase,Enabled
Kineo - Search - Motores - Teste 0710,G2 - Kling 3,kling 3 lip sync,Phrase,Enabled
Kineo - Search - Motores - Teste 0710,G2 - Kling 3,kling 3 ai video,Phrase,Enabled
Kineo - Search - Motores - Teste 0710,G2 - Kling 3,where to use kling 3,Phrase,Enabled
Kineo - Search - Motores - Teste 0710,G3 - Veo 3.1,veo 3.1 app,Exact,Enabled
Kineo - Search - Motores - Teste 0710,G3 - Veo 3.1,veo 3.1 online,Exact,Enabled
Kineo - Search - Motores - Teste 0710,G3 - Veo 3.1,use veo 3.1,Exact,Enabled
Kineo - Search - Motores - Teste 0710,G3 - Veo 3.1,veo 3.1 video generator,Exact,Enabled
Kineo - Search - Motores - Teste 0710,G3 - Veo 3.1,veo 3.1 ai video generator,Exact,Enabled
Kineo - Search - Motores - Teste 0710,G3 - Veo 3.1,veo 3.1 price,Exact,Enabled
Kineo - Search - Motores - Teste 0710,G3 - Veo 3.1,veo 3.1 pricing,Exact,Enabled
Kineo - Search - Motores - Teste 0710,G3 - Veo 3.1,veo 3.1 access,Exact,Enabled
Kineo - Search - Motores - Teste 0710,G3 - Veo 3.1,try veo 3.1,Exact,Enabled
Kineo - Search - Motores - Teste 0710,G3 - Veo 3.1,veo 3.1 fast,Exact,Enabled
Kineo - Search - Motores - Teste 0710,G3 - Veo 3.1,veo 3.1 app,Phrase,Enabled
Kineo - Search - Motores - Teste 0710,G3 - Veo 3.1,veo 3.1 online,Phrase,Enabled
Kineo - Search - Motores - Teste 0710,G3 - Veo 3.1,use veo 3.1,Phrase,Enabled
Kineo - Search - Motores - Teste 0710,G3 - Veo 3.1,veo 3.1 video generator,Phrase,Enabled
Kineo - Search - Motores - Teste 0710,G3 - Veo 3.1,veo 3.1 price,Phrase,Enabled
Kineo - Search - Motores - Teste 0710,G3 - Veo 3.1,where to use veo 3.1,Phrase,Enabled
Kineo - Search - Motores - Teste 0710,G3 - Veo 3.1,veo 3.1 text to video,Phrase,Enabled
Kineo - Search - Motores - Teste 0710,G3 - Veo 3.1,veo 3.1 fast video,Phrase,Enabled
Kineo - Search - Motores - Teste 0710,G4 - Seedance + Kling + Veo in one app,kling vs veo,Exact,Enabled
Kineo - Search - Motores - Teste 0710,G4 - Seedance + Kling + Veo in one app,veo vs kling,Exact,Enabled
Kineo - Search - Motores - Teste 0710,G4 - Seedance + Kling + Veo in one app,kling 3 vs veo 3.1,Exact,Enabled
Kineo - Search - Motores - Teste 0710,G4 - Seedance + Kling + Veo in one app,veo 3.1 vs kling 3,Exact,Enabled
Kineo - Search - Motores - Teste 0710,G4 - Seedance + Kling + Veo in one app,seedance vs kling,Exact,Enabled
Kineo - Search - Motores - Teste 0710,G4 - Seedance + Kling + Veo in one app,kling vs seedance,Exact,Enabled
Kineo - Search - Motores - Teste 0710,G4 - Seedance + Kling + Veo in one app,seedance 2.5 vs kling 3,Exact,Enabled
Kineo - Search - Motores - Teste 0710,G4 - Seedance + Kling + Veo in one app,seedance vs veo,Exact,Enabled
Kineo - Search - Motores - Teste 0710,G4 - Seedance + Kling + Veo in one app,ai video generator with veo and kling,Exact,Enabled
Kineo - Search - Motores - Teste 0710,G4 - Seedance + Kling + Veo in one app,all ai video models in one place,Exact,Enabled
Kineo - Search - Motores - Teste 0710,G4 - Seedance + Kling + Veo in one app,kling vs veo,Phrase,Enabled
Kineo - Search - Motores - Teste 0710,G4 - Seedance + Kling + Veo in one app,seedance vs kling,Phrase,Enabled
Kineo - Search - Motores - Teste 0710,G4 - Seedance + Kling + Veo in one app,veo vs seedance,Phrase,Enabled
Kineo - Search - Motores - Teste 0710,G4 - Seedance + Kling + Veo in one app,kling and veo in one app,Phrase,Enabled
Kineo - Search - Motores - Teste 0710,G4 - Seedance + Kling + Veo in one app,seedance kling veo,Phrase,Enabled
Kineo - Search - Motores - Teste 0710,G4 - Seedance + Kling + Veo in one app,multi model ai video generator,Phrase,Enabled
Kineo - Search - Motores - Teste 0710,G4 - Seedance + Kling + Veo in one app,ai video generator all models,Phrase,Enabled
Kineo - Search - Motores - Teste 0710,G4 - Seedance + Kling + Veo in one app,higgsfield alternative,Phrase,Enabled
