Campaign,Keyword,Criterion Type
Kineo - Search - Motores - Teste 0710,free,Campaign Negative Broad
Kineo - Search - Motores - Teste 0710,download,Campaign Negative Broad
Kineo - Search - Motores - Teste 0710,apk,Campaign Negative Broad
Kineo - Search - Motores - Teste 0710,mod,Campaign Negative Broad
Kineo - Search - Motores - Teste 0710,crack,Campaign Negative Broad
Kineo - Search - Motores - Teste 0710,cracked,Campaign Negative Broad
Kineo - Search - Motores - Teste 0710,torrent,Campaign Negative Broad
Kineo - Search - Motores - Teste 0710,pirate,Campaign Negative Broad
Kineo - Search - Motores - Teste 0710,github,Campaign Negative Broad
Kineo - Search - Motores - Teste 0710,huggingface,Campaign Negative Broad
Kineo - Search - Motores - Teste 0710,comfyui,Campaign Negative Broad
Kineo - Search - Motores - Teste 0710,api,Campaign Negative Broad
Kineo - Search - Motores - Teste 0710,jobs,Campaign Negative Broad
Kineo - Search - Motores - Teste 0710,job,Campaign Negative Broad
Kineo - Search - Motores - Teste 0710,careers,Campaign Negative Broad
Kineo - Search - Motores - Teste 0710,career,Campaign Negative Broad
Kineo - Search - Motores - Teste 0710,hiring,Campaign Negative Broad
Kineo - Search - Motores - Teste 0710,salary,Campaign Negative Broad
Kineo - Search - Motores - Teste 0710,internship,Campaign Negative Broad
Kineo - Search - Motores - Teste 0710,wiki,Campaign Negative Broad
Kineo - Search - Motores - Teste 0710,wikipedia,Campaign Negative Broad
Kineo - Search - Motores - Teste 0710,news,Campaign Negative Broad
Kineo - Search - Motores - Teste 0710,leak,Campaign Negative Broad
Kineo - Search - Motores - Teste 0710,leaked,Campaign Negative Broad
Kineo - Search - Motores - Teste 0710,arxiv,Campaign Negative Broad
Kineo - Search - Motores - Teste 0710,benchmark,Campaign Negative Broad
Kineo - Search - Motores - Teste 0710,reddit,Campaign Negative Broad
Kineo - Search - Motores - Teste 0710,discord,Campaign Negative Broad
Kineo - Search - Motores - Teste 0710,login,Campaign Negative Broad
Kineo - Search - Motores - Teste 0710,dreamina,Campaign Negative Broad
Kineo - Search - Motores - Teste 0710,capcut,Campaign Negative Broad
Kineo - Search - Motores - Teste 0710,jimeng,Campaign Negative Broad
Kineo - Search - Motores - Teste 0710,doubao,Campaign Negative Broad
Kineo - Search - Motores - Teste 0710,volcengine,Campaign Negative Broad
Kineo - Search - Motores - Teste 0710,byteplus,Campaign Negative Broad
Kineo - Search - Motores - Teste 0710,klingai,Campaign Negative Broad
Kineo - Search - Motores - Teste 0710,vertex,Campaign Negative Broad
Kineo - Search - Motores - Teste 0710,gemini,Campaign Negative Broad
Kineo - Search - Motores - Teste 0710,replicate,Campaign Negative Broad
Kineo - Search - Motores - Teste 0710,wavespeed,Campaign Negative Broad
Kineo - Search - Motores - Teste 0710,runway,Campaign Negative Broad
Kineo - Search - Motores - Teste 0710,nsfw,Campaign Negative Broad
Kineo - Search - Motores - Teste 0710,nude,Campaign Negative Broad
Kineo - Search - Motores - Teste 0710,porn,Campaign Negative Broad
Kineo - Search - Motores - Teste 0710,uncensored,Campaign Negative Broad
Kineo - Search - Motores - Teste 0710,hentai,Campaign Negative Broad
Kineo - Search - Motores - Teste 0710,stock,Campaign Negative Broad
Kineo - Search - Motores - Teste 0710,ipo,Campaign Negative Broad
Kineo - Search - Motores - Teste 0710,earnings,Campaign Negative Broad
Kineo - Search - Motores - Teste 0710,hugging face,Campaign Negative Phrase
Kineo - Search - Motores - Teste 0710,open source,Campaign Negative Phrase
Kineo - Search - Motores - Teste 0710,model weights,Campaign Negative Phrase
Kineo - Search - Motores - Teste 0710,api key,Campaign Negative Phrase
Kineo - Search - Motores - Teste 0710,what is,Campaign Negative Phrase
Kineo - Search - Motores - Teste 0710,release date,Campaign Negative Phrase
Kineo - Search - Motores - Teste 0710,technical report,Campaign Negative Phrase
Kineo - Search - Motores - Teste 0710,log in,Campaign Negative Phrase
Kineo - Search - Motores - Teste 0710,sign in,Campaign Negative Phrase
Kineo - Search - Motores - Teste 0710,customer service,Campaign Negative Phrase
Kineo - Search - Motores - Teste 0710,cancel subscription,Campaign Negative Phrase
Kineo - Search - Motores - Teste 0710,google flow,Campaign Negative Phrase
Kineo - Search - Motores - Teste 0710,ai studio,Campaign Negative Phrase
Kineo - Search - Motores - Teste 0710,fal ai,Campaign Negative Phrase
Kineo - Search - Motores - Teste 0710,share price,Campaign Negative Phrase
