Campaign,Ad Group,Link Text,Description Line 1,Description Line 2,Final URL
Kineo - Search - Motores - Teste 0710,G1 - Seedance 2.5,Plans and Prices,Starter $9.90 a month,Cancel anytime,https://www.usekineo.com/pricing?utm_source=google&utm_medium=cpc&utm_campaign=motor-seedance-2-5
Kineo - Search - Motores - Teste 0710,G1 - Seedance 2.5,All AI Video Models,Price per video for each model,One credit balance,https://www.usekineo.com/ai-video-generator?utm_source=google&utm_medium=cpc&utm_campaign=motor-seedance-2-5
Kineo - Search - Motores - Teste 0710,G1 - Seedance 2.5,Real Examples,Finished vertical AI videos,Narration and captions included,https://www.usekineo.com/examples?utm_source=google&utm_medium=cpc&utm_campaign=motor-seedance-2-5
Kineo - Search - Motores - Teste 0710,G1 - Seedance 2.5,Render Time and Cost,Render time per AI model,October 2026 index,https://www.usekineo.com/ai-video-index?utm_source=google&utm_medium=cpc&utm_campaign=motor-seedance-2-5
Kineo - Search - Motores - Teste 0710,G2 - Kling 3,Plans and Prices,Starter $9.90 a month,Cancel anytime,https://www.usekineo.com/pricing?utm_source=google&utm_medium=cpc&utm_campaign=motor-kling-3
Kineo - Search - Motores - Teste 0710,G2 - Kling 3,All AI Video Models,Price per video for each model,One credit balance,https://www.usekineo.com/ai-video-generator?utm_source=google&utm_medium=cpc&utm_campaign=motor-kling-3
Kineo - Search - Motores - Teste 0710,G2 - Kling 3,Real Examples,Finished vertical AI videos,Narration and captions included,https://www.usekineo.com/examples?utm_source=google&utm_medium=cpc&utm_campaign=motor-kling-3
Kineo - Search - Motores - Teste 0710,G2 - Kling 3,Render Time and Cost,Render time per AI model,October 2026 index,https://www.usekineo.com/ai-video-index?utm_source=google&utm_medium=cpc&utm_campaign=motor-kling-3
Kineo - Search - Motores - Teste 0710,G3 - Veo 3.1,Plans and Prices,Starter $9.90 a month,Cancel anytime,https://www.usekineo.com/pricing?utm_source=google&utm_medium=cpc&utm_campaign=motor-veo-3-1
Kineo - Search - Motores - Teste 0710,G3 - Veo 3.1,All AI Video Models,Price per video for each model,One credit balance,https://www.usekineo.com/ai-video-generator?utm_source=google&utm_medium=cpc&utm_campaign=motor-veo-3-1
Kineo - Search - Motores - Teste 0710,G3 - Veo 3.1,Real Examples,Finished vertical AI videos,Narration and captions included,https://www.usekineo.com/examples?utm_source=google&utm_medium=cpc&utm_campaign=motor-veo-3-1
Kineo - Search - Motores - Teste 0710,G3 - Veo 3.1,Render Time and Cost,Render time per AI model,October 2026 index,https://www.usekineo.com/ai-video-index?utm_source=google&utm_medium=cpc&utm_campaign=motor-veo-3-1
Kineo - Search - Motores - Teste 0710,G4 - Seedance + Kling + Veo in one app,Plans and Prices,Starter $9.90 a month,Cancel anytime,https://www.usekineo.com/pricing?utm_source=google&utm_medium=cpc&utm_campaign=motor-3-em-1
Kineo - Search - Motores - Teste 0710,G4 - Seedance + Kling + Veo in one app,All AI Video Models,Price per video for each model,One credit balance,https://www.usekineo.com/ai-video-generator?utm_source=google&utm_medium=cpc&utm_campaign=motor-3-em-1
Kineo - Search - Motores - Teste 0710,G4 - Seedance + Kling + Veo in one app,Real Examples,Finished vertical AI videos,Narration and captions included,https://www.usekineo.com/examples?utm_source=google&utm_medium=cpc&utm_campaign=motor-3-em-1
Kineo - Search - Motores - Teste 0710,G4 - Seedance + Kling + Veo in one app,Render Time and Cost,Render time per AI model,October 2026 index,https://www.usekineo.com/ai-video-index?utm_source=google&utm_medium=cpc&utm_campaign=motor-3-em-1
